fire_id,detection_date,state,latitude,longitude,sensor,detection_confidence_pct,temperature_c,relative_humidity_pct,wind_speed_kmh,rainfall_last_7d_mm,ndvi,fuel_moisture_index,drought_index,fire_radiative_power_mw,estimated_burned_area_ha,fire_risk,data_status
IND-FIRE-0188,2024-01-02,Assam,26.37685,93.60117,SNPP-VIIRS,49.3,27.7,35.0,7.8,8.9,0.443,0.771,0.573,32.8,2.24,moderate,synthetic_event_calibrated_to_FSI_patterns
IND-FIRE-0191,2024-01-03,Uttarakhand,29.8631,79.2416,SNPP-VIIRS,45.9,24.9,50.6,9.4,4.9,0.365,0.828,0.417,23.5,0.9,moderate,synthetic_event_calibrated_to_FSI_patterns
IND-FIRE-0094,2024-01-04,Karnataka,15.0062,76.42837,SNPP-VIIRS,46.8,29.2,53.1,4.7,6.6,0.382,0.753,0.382,19.2,1.53,moderate,synthetic_event_calibrated_to_FSI_patterns
IND-FIRE-0070,2024-01-04,Kerala,11.52482,74.40751,SNPP-VIIRS,41.6,28.4,57.6,4.0,7.6,0.339,0.757,0.391,25.1,3.28,low,synthetic_event_calibrated_to_FSI_patterns
IND-FIRE-0078,2024-01-04,Nagaland,26.04195,94.88657,SNPP-VIIRS,35.0,21.8,37.3,6.5,0.8,0.385,0.809,0.417,11.6,5.9,low,synthetic_event_calibrated_to_FSI_patterns
IND-FIRE-0004,2024-01-04,Odisha,21.41732,84.72739,SNPP-VIIRS,46.3,25.1,59.6,9.8,3.7,0.672,0.674,0.244,8.7,6.33,low,synthetic_event_calibrated_to_FSI_patterns
IND-FIRE-0137,2024-01-04,Uttarakhand,28.7869,77.80952,SNPP-VIIRS,49.3,22.8,24.3,6.1,1.1,0.33,0.63,0.817,18.8,1.51,high,synthetic_event_calibrated_to_FSI_patterns
IND-FIRE-0198,2024-01-05,Tripura,24.05933,91.38479,SNPP-VIIRS,35.0,24.2,52.2,10.4,1.2,0.23,0.745,0.343,23.7,2.48,low,synthetic_event_calibrated_to_FSI_patterns
IND-FIRE-0291,2024-01-07,Telangana,17.85834,78.15584,SNPP-VIIRS,35.0,23.7,59.4,5.2,4.9,0.475,0.79,0.227,19.1,2.41,low,synthetic_event_calibrated_to_FSI_patterns
IND-FIRE-0032,2024-01-07,Uttarakhand,29.47147,78.92112,SNPP-VIIRS,35.0,20.2,52.0,7.5,0.5,0.492,0.9,0.421,17.0,2.45,low,synthetic_event_calibrated_to_FSI_patterns
IND-FIRE-0042,2024-01-08,Telangana,16.50057,79.26818,SNPP-VIIRS,48.2,26.1,36.5,7.9,8.3,0.451,0.777,0.61,30.0,2.14,moderate,synthetic_event_calibrated_to_FSI_patterns
IND-FIRE-0177,2024-01-10,Kerala,10.79776,75.72845,SNPP-VIIRS,35.0,24.0,55.4,3.8,1.2,0.49,0.829,0.232,22.9,3.69,low,synthetic_event_calibrated_to_FSI_patterns
IND-FIRE-0074,2024-01-11,Gujarat,21.49382,72.12756,SNPP-VIIRS,35.0,23.1,38.7,5.1,0.2,0.492,0.728,0.249,23.1,1.56,low,synthetic_event_calibrated_to_FSI_patterns
IND-FIRE-0014,2024-01-11,Telangana,18.36819,78.00468,SNPP-VIIRS,37.8,27.3,29.7,7.3,11.4,0.358,0.604,0.343,43.5,4.51,moderate,synthetic_event_calibrated_to_FSI_patterns
IND-FIRE-0110,2024-01-12,Uttar Pradesh,27.08541,81.10991,SNPP-VIIRS,35.0,25.4,53.5,8.8,8.4,0.539,0.802,0.334,40.2,2.24,low,synthetic_event_calibrated_to_FSI_patterns
IND-FIRE-0248,2024-01-14,Karnataka,15.23694,77.95903,SNPP-VIIRS,52.3,23.3,38.2,10.8,1.3,0.433,0.689,0.484,25.4,1.24,moderate,synthetic_event_calibrated_to_FSI_patterns
IND-FIRE-0226,2024-01-14,Uttarakhand,30.40784,77.94056,SNPP-VIIRS,42.5,30.4,35.8,7.8,3.6,0.451,0.635,0.839,44.0,1.08,high,synthetic_event_calibrated_to_FSI_patterns
IND-FIRE-0063,2024-01-16,Maharashtra,19.95668,75.30856,SNPP-VIIRS,36.8,24.3,56.0,6.6,3.3,0.366,0.835,0.401,32.4,8.54,low,synthetic_event_calibrated_to_FSI_patterns
IND-FIRE-0296,2024-01-18,Uttar Pradesh,26.9963,80.53779,SNPP-VIIRS,42.9,24.3,36.1,8.4,0.5,0.396,0.705,0.69,31.2,1.25,moderate,synthetic_event_calibrated_to_FSI_patterns
IND-FIRE-0280,2024-01-19,Telangana,18.28468,78.23969,SNPP-VIIRS,35.0,24.2,56.5,13.4,5.1,0.509,0.759,0.21,10.2,1.09,low,synthetic_event_calibrated_to_FSI_patterns
IND-FIRE-0129,2024-01-23,Assam,25.7881,92.60779,SNPP-VIIRS,35.0,25.3,55.0,14.9,8.5,0.545,0.858,0.444,39.1,6.22,moderate,synthetic_event_calibrated_to_FSI_patterns
IND-FIRE-0024,2024-01-27,Uttar Pradesh,26.80183,79.83753,SNPP-VIIRS,35.0,29.8,37.0,10.5,4.8,0.518,0.748,0.619,35.7,1.52,moderate,synthetic_event_calibrated_to_FSI_patterns
IND-FIRE-0139,2024-01-28,Tamil Nadu,11.55003,79.18932,SNPP-VIIRS,40.3,20.6,50.8,10.3,3.0,0.557,0.767,0.407,38.8,2.33,low,synthetic_event_calibrated_to_FSI_patterns
IND-FIRE-0232,2024-01-29,Karnataka,14.64877,74.79511,SNPP-VIIRS,35.0,19.4,51.0,5.7,11.8,0.564,0.807,0.246,5.9,1.64,low,synthetic_event_calibrated_to_FSI_patterns
IND-FIRE-0270,2024-02-01,Andhra Pradesh,15.88984,80.02019,MODIS,35.0,25.1,46.0,5.8,11.5,0.432,0.799,0.431,27.2,3.63,low,synthetic_event_calibrated_to_FSI_patterns
IND-FIRE-0116,2024-02-01,Telangana,18.54398,79.58533,MODIS,48.6,28.6,53.2,10.9,2.3,0.367,0.764,0.472,32.7,5.34,moderate,synthetic_event_calibrated_to_FSI_patterns
IND-FIRE-0265,2024-02-01,Uttarakhand,30.02152,79.84483,SNPP-VIIRS,35.0,24.2,33.8,4.4,3.4,0.454,0.67,0.473,15.6,1.39,moderate,synthetic_event_calibrated_to_FSI_patterns
IND-FIRE-0164,2024-02-02,Andhra Pradesh,15.36527,80.06062,SNPP-VIIRS,60.5,29.0,49.8,5.5,2.6,0.684,0.835,0.334,17.7,4.99,low,synthetic_event_calibrated_to_FSI_patterns
IND-FIRE-0212,2024-02-02,Maharashtra,19.01585,76.13316,SNPP-VIIRS,35.0,23.8,47.9,10.4,5.2,0.486,0.776,0.348,24.6,3.01,low,synthetic_event_calibrated_to_FSI_patterns
IND-FIRE-0104,2024-02-02,West Bengal,22.72839,88.13805,MODIS,35.1,22.6,47.5,6.3,0.6,0.607,0.824,0.414,8.2,2.12,low,synthetic_event_calibrated_to_FSI_patterns
IND-FIRE-0192,2024-02-03,Gujarat,21.80853,71.89534,SNPP-VIIRS,51.9,33.8,34.2,8.3,2.9,0.533,0.714,0.72,19.6,2.38,moderate,synthetic_event_calibrated_to_FSI_patterns
IND-FIRE-0111,2024-02-03,Madhya Pradesh,23.29342,78.96669,SNPP-VIIRS,59.5,27.7,31.9,12.0,4.8,0.658,0.725,0.672,36.1,2.94,moderate,synthetic_event_calibrated_to_FSI_patterns
IND-FIRE-0087,2024-02-03,Odisha,20.13104,85.13325,SNPP-VIIRS,35.0,28.5,42.8,9.4,7.0,0.607,0.712,0.519,35.1,0.49,moderate,synthetic_event_calibrated_to_FSI_patterns
IND-FIRE-0118,2024-02-03,Odisha,22.16529,84.75805,SNPP-VIIRS,35.5,29.7,40.4,8.9,2.9,0.587,0.717,0.627,34.9,2.9,moderate,synthetic_event_calibrated_to_FSI_patterns
IND-FIRE-0002,2024-02-04,Kerala,10.20243,76.77963,MODIS,49.2,32.6,48.8,14.3,7.5,0.674,0.708,0.619,43.9,1.93,moderate,synthetic_event_calibrated_to_FSI_patterns
IND-FIRE-0154,2024-02-04,Maharashtra,20.0012,76.51526,SNPP-VIIRS,40.4,27.1,42.8,6.3,5.0,0.404,0.755,0.505,38.4,4.51,moderate,synthetic_event_calibrated_to_FSI_patterns
IND-FIRE-0208,2024-02-04,Odisha,20.91865,85.10668,SNPP-VIIRS,66.4,33.8,41.2,10.7,4.4,0.561,0.556,0.611,44.6,2.62,high,synthetic_event_calibrated_to_FSI_patterns
IND-FIRE-0047,2024-02-05,Karnataka,15.11686,74.29676,MODIS,35.0,22.2,32.5,4.5,2.7,0.406,0.787,0.617,22.3,4.04,moderate,synthetic_event_calibrated_to_FSI_patterns
IND-FIRE-0122,2024-02-05,Nagaland,27.26441,94.91924,SNPP-VIIRS,35.0,29.7,48.1,10.5,1.7,0.523,0.594,0.44,32.5,2.63,moderate,synthetic_event_calibrated_to_FSI_patterns
IND-FIRE-0230,2024-02-07,Assam,26.20628,92.67229,SNPP-VIIRS,35.0,19.8,42.1,15.4,5.8,0.559,0.767,0.266,19.7,0.6,low,synthetic_event_calibrated_to_FSI_patterns
IND-FIRE-0233,2024-02-07,Uttarakhand,29.49447,78.04647,SNPP-VIIRS,35.0,30.2,27.0,4.7,3.6,0.566,0.548,0.763,53.3,1.08,high,synthetic_event_calibrated_to_FSI_patterns
IND-FIRE-0239,2024-02-09,Andhra Pradesh,16.40527,79.91766,SNPP-VIIRS,35.0,24.8,45.8,4.9,1.8,0.56,0.717,0.579,17.3,0.93,moderate,synthetic_event_calibrated_to_FSI_patterns
IND-FIRE-0205,2024-02-10,Andhra Pradesh,15.74614,80.45209,SNPP-VIIRS,35.0,30.7,44.0,4.6,0.4,0.549,0.803,0.754,45.6,6.7,moderate,synthetic_event_calibrated_to_FSI_patterns
IND-FIRE-0037,2024-02-10,Bihar,24.3579,85.04859,SNPP-VIIRS,45.3,29.0,43.1,9.6,4.0,0.567,0.644,0.424,30.9,1.68,moderate,synthetic_event_calibrated_to_FSI_patterns
IND-FIRE-0089,2024-02-10,Chhattisgarh,20.39042,82.50865,MODIS,35.0,34.3,54.9,7.3,3.3,0.518,0.631,0.519,38.9,4.34,moderate,synthetic_event_calibrated_to_FSI_patterns
IND-FIRE-0213,2024-02-10,Chhattisgarh,22.64971,81.58819,SNPP-VIIRS,60.8,27.8,46.1,14.5,0.7,0.41,0.688,0.533,49.2,4.82,moderate,synthetic_event_calibrated_to_FSI_patterns
IND-FIRE-0041,2024-02-10,Kerala,11.49142,77.34191,SNPP-VIIRS,38.7,26.9,34.3,8.6,1.3,0.688,0.687,0.699,31.8,2.87,moderate,synthetic_event_calibrated_to_FSI_patterns
IND-FIRE-0141,2024-02-10,Madhya Pradesh,22.81936,79.83764,SNPP-VIIRS,48.0,32.6,49.6,9.2,1.5,0.513,0.71,0.485,20.2,2.9,moderate,synthetic_event_calibrated_to_FSI_patterns
IND-FIRE-0053,2024-02-10,Tamil Nadu,11.32072,78.01429,SNPP-VIIRS,40.6,23.3,35.1,11.6,5.7,0.473,0.681,0.524,25.9,6.24,moderate,synthetic_event_calibrated_to_FSI_patterns
IND-FIRE-0176,2024-02-11,Andhra Pradesh,16.73858,80.00125,SNPP-VIIRS,54.2,30.6,66.6,7.8,1.6,0.599,0.716,0.272,31.3,0.61,low,synthetic_event_calibrated_to_FSI_patterns
IND-FIRE-0299,2024-02-11,Tamil Nadu,11.94974,79.3437,SNPP-VIIRS,35.0,21.9,42.5,8.4,6.4,0.583,0.8,0.299,25.3,6.48,low,synthetic_event_calibrated_to_FSI_patterns
IND-FIRE-0194,2024-02-11,Telangana,18.41504,80.35947,SNPP-VIIRS,44.9,26.6,32.7,7.6,3.5,0.485,0.664,0.716,29.6,2.0,moderate,synthetic_event_calibrated_to_FSI_patterns
IND-FIRE-0219,2024-02-12,Uttarakhand,31.51137,79.89691,MODIS,35.0,24.3,49.1,5.8,2.8,0.556,0.783,0.377,21.2,1.01,low,synthetic_event_calibrated_to_FSI_patterns
IND-FIRE-0209,2024-02-13,Assam,26.39416,93.24391,SNPP-VIIRS,39.3,28.1,39.9,3.7,0.8,0.538,0.619,0.464,36.9,2.63,moderate,synthetic_event_calibrated_to_FSI_patterns
IND-FIRE-0084,2024-02-13,Chhattisgarh,21.40993,82.89165,SNPP-VIIRS,35.0,22.3,19.6,10.4,0.7,0.351,0.622,0.74,29.7,3.92,moderate,synthetic_event_calibrated_to_FSI_patterns
IND-FIRE-0165,2024-02-13,Maharashtra,20.28829,75.61307,SNPP-VIIRS,35.0,28.8,55.0,8.8,2.2,0.508,0.781,0.371,23.8,1.63,low,synthetic_event_calibrated_to_FSI_patterns
IND-FIRE-0008,2024-02-13,Tamil Nadu,11.23588,79.36489,SNPP-VIIRS,35.0,26.6,48.2,7.4,2.3,0.301,0.666,0.33,17.7,4.19,moderate,synthetic_event_calibrated_to_FSI_patterns
IND-FIRE-0244,2024-02-14,Maharashtra,19.5339,75.38241,SNPP-VIIRS,35.0,25.1,42.3,7.7,0.0,0.434,0.731,0.682,20.8,0.35,moderate,synthetic_event_calibrated_to_FSI_patterns
IND-FIRE-0243,2024-02-15,Gujarat,21.91308,71.31033,SNPP-VIIRS,36.2,27.7,47.0,6.8,4.5,0.587,0.774,0.552,30.0,6.22,moderate,synthetic_event_calibrated_to_FSI_patterns
IND-FIRE-0077,2024-02-16,Himachal Pradesh,31.20311,76.77281,SNPP-VIIRS,35.0,22.9,39.1,12.8,4.1,0.511,0.783,0.584,33.9,1.05,moderate,synthetic_event_calibrated_to_FSI_patterns
IND-FIRE-0023,2024-02-16,West Bengal,22.77204,89.05609,SNPP-VIIRS,35.0,24.1,48.8,9.4,0.3,0.705,0.783,0.408,27.4,0.74,moderate,synthetic_event_calibrated_to_FSI_patterns
IND-FIRE-0140,2024-02-18,Arunachal Pradesh,27.56412,94.27101,SNPP-VIIRS,35.0,26.6,48.4,5.8,1.6,0.6,0.707,0.297,10.8,0.81,low,synthetic_event_calibrated_to_FSI_patterns
IND-FIRE-0050,2024-02-18,Bihar,24.48306,85.16406,MODIS,52.8,29.6,41.5,13.0,1.5,0.436,0.683,0.511,47.3,3.19,moderate,synthetic_event_calibrated_to_FSI_patterns
IND-FIRE-0183,2024-02-18,Madhya Pradesh,23.34103,78.22161,SNPP-VIIRS,37.5,25.1,30.5,9.0,3.2,0.535,0.724,0.712,32.4,1.67,moderate,synthetic_event_calibrated_to_FSI_patterns
IND-FIRE-0159,2024-02-18,Odisha,21.30302,85.314,SNPP-VIIRS,35.0,32.1,53.5,7.6,2.2,0.405,0.717,0.475,34.9,6.66,moderate,synthetic_event_calibrated_to_FSI_patterns
IND-FIRE-0018,2024-02-19,Arunachal Pradesh,28.18061,94.89812,SNPP-VIIRS,35.0,24.9,42.3,9.0,2.7,0.59,0.792,0.499,29.3,3.2,moderate,synthetic_event_calibrated_to_FSI_patterns
IND-FIRE-0065,2024-02-19,Mizoram,23.02639,91.32514,SNPP-VIIRS,44.6,26.6,21.7,9.0,5.7,0.434,0.6,0.672,14.0,3.59,moderate,synthetic_event_calibrated_to_FSI_patterns
IND-FIRE-0238,2024-02-19,Tamil Nadu,10.785,77.92632,SNPP-VIIRS,49.0,34.0,36.3,10.2,3.6,0.574,0.668,0.775,41.7,1.14,high,synthetic_event_calibrated_to_FSI_patterns
IND-FIRE-0151,2024-02-19,Telangana,18.73952,79.80413,SNPP-VIIRS,51.7,33.4,45.1,7.6,2.2,0.577,0.604,0.634,30.9,2.72,moderate,synthetic_event_calibrated_to_FSI_patterns
IND-FIRE-0136,2024-02-20,Andhra Pradesh,16.22969,79.17714,SNPP-VIIRS,49.6,29.1,34.1,5.1,1.6,0.436,0.706,0.653,32.7,1.71,moderate,synthetic_event_calibrated_to_FSI_patterns
IND-FIRE-0186,2024-02-20,Nagaland,26.6331,94.67753,SNPP-VIIRS,42.2,25.7,46.4,5.5,1.2,0.381,0.811,0.562,24.5,4.68,moderate,synthetic_event_calibrated_to_FSI_patterns
IND-FIRE-0103,2024-02-21,Himachal Pradesh,29.91899,77.00023,SNPP-VIIRS,55.9,33.0,38.4,9.5,0.1,0.394,0.647,0.572,47.0,1.87,moderate,synthetic_event_calibrated_to_FSI_patterns
IND-FIRE-0113,2024-02-21,Jharkhand,22.99257,85.77836,SNPP-VIIRS,40.7,31.5,33.1,9.9,6.1,0.652,0.6,0.579,42.3,4.66,moderate,synthetic_event_calibrated_to_FSI_patterns
IND-FIRE-0278,2024-02-21,Madhya Pradesh,23.27997,78.58171,SNPP-VIIRS,67.8,33.4,45.4,8.4,5.3,0.444,0.678,0.728,47.2,3.49,high,synthetic_event_calibrated_to_FSI_patterns
IND-FIRE-0285,2024-02-21,Maharashtra,20.36168,75.14004,SNPP-VIIRS,35.0,30.8,38.1,3.4,3.4,0.508,0.69,0.63,35.5,4.11,moderate,synthetic_event_calibrated_to_FSI_patterns
IND-FIRE-0224,2024-02-21,Uttarakhand,30.71016,79.62035,SNPP-VIIRS,56.2,30.7,40.7,7.4,2.1,0.54,0.565,0.598,36.3,4.69,moderate,synthetic_event_calibrated_to_FSI_patterns
IND-FIRE-0048,2024-02-22,Himachal Pradesh,30.57966,77.80643,SNPP-VIIRS,54.3,28.0,53.5,12.0,3.2,0.549,0.713,0.432,26.6,4.92,moderate,synthetic_event_calibrated_to_FSI_patterns
IND-FIRE-0181,2024-02-22,Tripura,24.26603,91.32779,MODIS,35.0,24.8,44.5,10.9,7.8,0.594,0.715,0.629,39.5,1.9,moderate,synthetic_event_calibrated_to_FSI_patterns
IND-FIRE-0276,2024-02-23,Karnataka,15.48856,75.99839,MODIS,59.8,30.3,35.7,9.7,2.0,0.452,0.478,0.714,41.1,2.93,high,synthetic_event_calibrated_to_FSI_patterns
IND-FIRE-0123,2024-02-24,Assam,26.79507,92.74627,SNPP-VIIRS,35.0,24.5,43.4,8.4,0.1,0.501,0.738,0.435,21.3,2.69,moderate,synthetic_event_calibrated_to_FSI_patterns
IND-FIRE-0153,2024-02-24,Bihar,24.86369,85.39032,MODIS,40.4,32.5,34.7,9.1,1.3,0.405,0.62,0.799,36.2,2.32,high,synthetic_event_calibrated_to_FSI_patterns
IND-FIRE-0189,2024-02-24,Rajasthan,26.00953,74.3837,SNPP-VIIRS,44.7,27.8,50.0,5.3,6.6,0.368,0.814,0.666,40.4,3.35,moderate,synthetic_event_calibrated_to_FSI_patterns
IND-FIRE-0036,2024-02-25,Chhattisgarh,21.07969,81.54776,SNPP-VIIRS,89.6,34.4,39.6,15.1,2.7,0.481,0.633,0.755,56.2,2.16,high,synthetic_event_calibrated_to_FSI_patterns
IND-FIRE-0284,2024-02-25,Gujarat,22.65261,71.13137,SNPP-VIIRS,35.0,25.7,35.9,4.3,0.3,0.441,0.781,0.655,18.8,2.22,moderate,synthetic_event_calibrated_to_FSI_patterns
IND-FIRE-0289,2024-02-25,Maharashtra,19.62114,76.17865,SNPP-VIIRS,49.8,29.1,59.1,12.2,3.8,0.556,0.659,0.54,13.6,1.75,moderate,synthetic_event_calibrated_to_FSI_patterns
IND-FIRE-0025,2024-02-25,Tamil Nadu,11.57633,79.06321,MODIS,64.9,26.2,17.4,10.5,3.4,0.368,0.708,0.866,38.2,4.11,high,synthetic_event_calibrated_to_FSI_patterns
IND-FIRE-0218,2024-02-26,Bihar,25.40804,84.05692,SNPP-VIIRS,35.0,28.1,47.0,7.2,3.6,0.342,0.725,0.398,27.3,3.91,moderate,synthetic_event_calibrated_to_FSI_patterns
IND-FIRE-0169,2024-02-26,Jharkhand,24.64856,85.27917,MODIS,42.9,30.8,37.4,4.7,6.6,0.419,0.67,0.763,25.1,3.96,moderate,synthetic_event_calibrated_to_FSI_patterns
IND-FIRE-0015,2024-02-26,Kerala,10.60711,77.21688,SNPP-VIIRS,35.0,27.7,50.9,9.4,4.9,0.59,0.84,0.347,37.5,2.64,low,synthetic_event_calibrated_to_FSI_patterns
IND-FIRE-0035,2024-02-26,Madhya Pradesh,22.48151,78.44483,SNPP-VIIRS,60.0,29.1,31.4,2.3,2.7,0.601,0.503,0.762,20.9,1.88,high,synthetic_event_calibrated_to_FSI_patterns
IND-FIRE-0079,2024-02-26,Maharashtra,19.05409,73.92661,SNPP-VIIRS,49.9,35.0,44.3,9.7,4.5,0.25,0.534,0.679,54.4,2.85,high,synthetic_event_calibrated_to_FSI_patterns
IND-FIRE-0167,2024-02-26,Telangana,18.28047,79.60027,SNPP-VIIRS,35.0,28.2,48.7,3.0,1.1,0.24,0.731,0.286,16.3,1.26,low,synthetic_event_calibrated_to_FSI_patterns
IND-FIRE-0166,2024-02-27,Karnataka,14.71996,74.8966,SNPP-VIIRS,35.0,32.8,45.4,6.7,9.9,0.453,0.652,0.472,39.3,1.73,moderate,synthetic_event_calibrated_to_FSI_patterns
IND-FIRE-0294,2024-02-28,Assam,26.02386,92.80683,SNPP-VIIRS,58.0,32.2,47.0,9.6,0.7,0.386,0.668,0.693,45.0,1.9,moderate,synthetic_event_calibrated_to_FSI_patterns
IND-FIRE-0279,2024-02-28,Tripura,24.26579,91.26931,MODIS,67.3,32.5,31.6,7.8,2.9,0.458,0.584,0.724,16.9,1.11,high,synthetic_event_calibrated_to_FSI_patterns
IND-FIRE-0059,2024-03-01,Bihar,24.82711,85.19223,SNPP-VIIRS,35.2,28.3,22.8,7.0,2.6,0.435,0.607,0.74,50.8,4.37,moderate,synthetic_event_calibrated_to_FSI_patterns
IND-FIRE-0255,2024-03-01,Gujarat,22.53415,70.78464,SNPP-VIIRS,47.4,34.1,38.0,10.0,1.6,0.503,0.571,0.636,43.9,3.2,high,synthetic_event_calibrated_to_FSI_patterns
IND-FIRE-0076,2024-03-02,Himachal Pradesh,29.86157,77.04941,SNPP-VIIRS,35.0,29.5,27.5,10.0,4.3,0.371,0.569,0.62,35.8,6.96,moderate,synthetic_event_calibrated_to_FSI_patterns
IND-FIRE-0267,2024-03-02,Himachal Pradesh,31.57113,76.89851,SNPP-VIIRS,35.0,29.6,26.0,10.9,2.1,0.481,0.552,0.795,43.2,4.3,high,synthetic_event_calibrated_to_FSI_patterns
IND-FIRE-0257,2024-03-02,Telangana,18.88705,77.36881,SNPP-VIIRS,59.9,36.1,34.2,5.8,0.4,0.614,0.609,0.793,42.2,2.41,high,synthetic_event_calibrated_to_FSI_patterns
IND-FIRE-0236,2024-03-03,Tamil Nadu,11.14138,77.35507,SNPP-VIIRS,39.4,29.1,43.0,12.3,1.6,0.303,0.694,0.586,54.8,3.45,moderate,synthetic_event_calibrated_to_FSI_patterns
IND-FIRE-0067,2024-03-04,Maharashtra,20.77422,76.01846,MODIS,35.0,26.5,38.3,11.1,2.3,0.438,0.76,0.408,34.7,3.62,moderate,synthetic_event_calibrated_to_FSI_patterns
IND-FIRE-0214,2024-03-04,Tamil Nadu,10.80841,78.35566,SNPP-VIIRS,50.4,25.8,50.0,11.0,6.1,0.581,0.666,0.559,28.8,4.48,moderate,synthetic_event_calibrated_to_FSI_patterns
IND-FIRE-0142,2024-03-05,Madhya Pradesh,23.57326,80.09382,SNPP-VIIRS,55.5,32.8,35.6,8.9,1.5,0.565,0.714,0.746,35.4,5.29,high,synthetic_event_calibrated_to_FSI_patterns
IND-FIRE-0066,2024-03-05,Maharashtra,20.40623,75.21957,SNPP-VIIRS,75.8,36.3,12.0,8.7,0.3,0.382,0.54,1.0,49.1,4.56,extreme,synthetic_event_calibrated_to_FSI_patterns
IND-FIRE-0052,2024-03-06,Andhra Pradesh,16.24199,80.07778,SNPP-VIIRS,54.0,29.9,36.1,11.1,2.1,0.623,0.762,0.734,48.5,7.98,moderate,synthetic_event_calibrated_to_FSI_patterns
IND-FIRE-0271,2024-03-06,Andhra Pradesh,14.7291,79.89627,SNPP-VIIRS,35.0,29.8,52.9,5.6,2.7,0.676,0.667,0.402,30.0,1.0,moderate,synthetic_event_calibrated_to_FSI_patterns
IND-FIRE-0149,2024-03-06,Kerala,10.96309,77.03742,SNPP-VIIRS,73.6,39.6,40.7,12.3,0.1,0.624,0.58,0.627,47.9,9.79,high,synthetic_event_calibrated_to_FSI_patterns
IND-FIRE-0127,2024-03-08,Jharkhand,23.94485,85.14062,SNPP-VIIRS,63.9,35.6,24.2,10.6,2.2,0.515,0.421,0.851,47.2,4.83,high,synthetic_event_calibrated_to_FSI_patterns
IND-FIRE-0273,2024-03-09,Andhra Pradesh,15.783,79.86266,SNPP-VIIRS,54.4,34.8,34.4,8.6,0.1,0.579,0.537,0.841,46.2,7.28,high,synthetic_event_calibrated_to_FSI_patterns
IND-FIRE-0204,2024-03-09,Chhattisgarh,20.81334,82.01971,SNPP-VIIRS,51.9,30.7,47.1,7.9,1.1,0.436,0.687,0.417,46.7,5.76,moderate,synthetic_event_calibrated_to_FSI_patterns
IND-FIRE-0095,2024-03-09,Jharkhand,25.15546,84.9865,SNPP-VIIRS,65.1,39.9,25.7,10.5,0.3,0.397,0.45,0.899,46.3,6.28,high,synthetic_event_calibrated_to_FSI_patterns
IND-FIRE-0138,2024-03-09,Madhya Pradesh,22.83996,78.03419,SNPP-VIIRS,44.0,37.4,31.6,10.2,4.8,0.422,0.567,1.0,62.0,1.8,high,synthetic_event_calibrated_to_FSI_patterns
IND-FIRE-0031,2024-03-09,Rajasthan,27.76664,74.22573,SNPP-VIIRS,71.9,34.2,43.4,11.3,2.4,0.508,0.605,0.544,55.6,10.13,moderate,synthetic_event_calibrated_to_FSI_patterns
IND-FIRE-0109,2024-03-10,Assam,25.77863,92.41352,SNPP-VIIRS,54.8,34.7,17.1,10.1,6.6,0.517,0.526,0.966,42.7,2.59,high,synthetic_event_calibrated_to_FSI_patterns
IND-FIRE-0211,2024-03-10,Odisha,21.7114,86.18829,SNPP-VIIRS,65.7,35.6,19.0,12.4,1.3,0.551,0.581,0.917,52.5,1.38,high,synthetic_event_calibrated_to_FSI_patterns
IND-FIRE-0007,2024-03-10,Sikkim,27.43421,88.6401,SNPP-VIIRS,58.1,33.5,41.2,10.1,1.8,0.546,0.681,0.704,44.4,4.88,high,synthetic_event_calibrated_to_FSI_patterns
IND-FIRE-0160,2024-03-10,Tamil Nadu,11.44429,78.49809,MODIS,69.8,35.1,29.1,4.7,0.9,0.446,0.541,0.689,46.3,5.95,high,synthetic_event_calibrated_to_FSI_patterns
IND-FIRE-0290,2024-03-11,Assam,26.5192,91.81594,SNPP-VIIRS,35.0,27.4,35.3,8.5,1.2,0.415,0.712,0.664,20.7,2.51,moderate,synthetic_event_calibrated_to_FSI_patterns
IND-FIRE-0231,2024-03-11,Bihar,25.31706,84.58303,SNPP-VIIRS,47.7,34.5,24.2,14.4,2.6,0.532,0.611,0.908,47.6,1.36,high,synthetic_event_calibrated_to_FSI_patterns
IND-FIRE-0115,2024-03-11,Chhattisgarh,21.5027,82.11769,SNPP-VIIRS,51.2,33.9,34.0,8.3,0.2,0.464,0.615,0.667,41.2,0.63,high,synthetic_event_calibrated_to_FSI_patterns
IND-FIRE-0266,2024-03-11,Chhattisgarh,22.0257,82.61772,MODIS,38.8,32.9,35.4,4.1,6.0,0.565,0.591,0.698,45.9,4.21,moderate,synthetic_event_calibrated_to_FSI_patterns
IND-FIRE-0146,2024-03-11,Himachal Pradesh,29.95024,77.71912,SNPP-VIIRS,47.3,31.8,31.1,8.1,8.9,0.55,0.539,0.714,21.7,3.38,high,synthetic_event_calibrated_to_FSI_patterns
IND-FIRE-0156,2024-03-11,Odisha,20.92385,85.55775,MODIS,58.4,33.4,27.4,11.8,0.4,0.629,0.61,0.848,23.6,3.24,high,synthetic_event_calibrated_to_FSI_patterns
IND-FIRE-0006,2024-03-11,West Bengal,22.10556,87.04143,SNPP-VIIRS,66.4,32.0,49.3,11.6,3.8,0.733,0.672,0.35,31.7,3.1,moderate,synthetic_event_calibrated_to_FSI_patterns
IND-FIRE-0068,2024-03-12,Jharkhand,23.47112,85.64538,SNPP-VIIRS,69.2,41.5,33.9,8.1,2.7,0.407,0.461,1.0,52.1,7.03,extreme,synthetic_event_calibrated_to_FSI_patterns
IND-FIRE-0038,2024-03-12,Madhya Pradesh,23.49461,77.93468,SNPP-VIIRS,47.6,31.8,38.8,6.0,3.5,0.291,0.537,0.675,35.0,2.9,moderate,synthetic_event_calibrated_to_FSI_patterns
IND-FIRE-0201,2024-03-12,Tamil Nadu,11.10491,77.23003,SNPP-VIIRS,35.0,31.1,17.4,7.4,2.6,0.429,0.661,0.774,43.4,11.37,high,synthetic_event_calibrated_to_FSI_patterns
IND-FIRE-0262,2024-03-12,Telangana,17.91296,78.72819,SNPP-VIIRS,35.0,33.3,27.1,2.5,2.6,0.41,0.532,0.858,29.8,1.59,high,synthetic_event_calibrated_to_FSI_patterns
IND-FIRE-0178,2024-03-12,West Bengal,22.48986,87.80575,SNPP-VIIRS,62.5,36.4,34.8,7.0,1.0,0.463,0.613,0.878,58.6,7.92,high,synthetic_event_calibrated_to_FSI_patterns
IND-FIRE-0287,2024-03-13,Andhra Pradesh,15.86979,79.6178,SNPP-VIIRS,36.6,31.0,58.4,2.2,1.1,0.422,0.774,0.525,26.2,2.46,moderate,synthetic_event_calibrated_to_FSI_patterns
IND-FIRE-0125,2024-03-14,Andhra Pradesh,15.33873,79.71459,SNPP-VIIRS,35.0,29.2,25.0,9.3,2.0,0.719,0.659,0.854,27.8,8.94,high,synthetic_event_calibrated_to_FSI_patterns
IND-FIRE-0292,2024-03-14,Andhra Pradesh,15.15494,79.43385,SNPP-VIIRS,35.0,29.9,30.3,8.5,1.9,0.498,0.648,0.773,52.0,3.16,high,synthetic_event_calibrated_to_FSI_patterns
IND-FIRE-0098,2024-03-14,Assam,25.94643,93.36943,SNPP-VIIRS,35.0,30.6,36.9,3.1,2.8,0.504,0.721,0.486,30.0,2.79,moderate,synthetic_event_calibrated_to_FSI_patterns
IND-FIRE-0011,2024-03-14,Karnataka,14.85895,74.68068,SNPP-VIIRS,43.4,33.3,34.7,10.3,8.5,0.447,0.641,0.82,47.2,3.31,high,synthetic_event_calibrated_to_FSI_patterns
IND-FIRE-0049,2024-03-14,Odisha,21.03411,85.36576,SNPP-VIIRS,47.5,29.3,27.4,7.0,3.0,0.554,0.575,0.751,53.9,1.28,high,synthetic_event_calibrated_to_FSI_patterns
IND-FIRE-0161,2024-03-15,Assam,26.16956,92.56275,SNPP-VIIRS,75.4,41.2,41.6,9.0,2.8,0.65,0.509,0.867,59.2,4.05,high,synthetic_event_calibrated_to_FSI_patterns
IND-FIRE-0128,2024-03-15,Chhattisgarh,21.28605,82.58431,SNPP-VIIRS,68.1,30.4,40.2,5.5,3.2,0.503,0.492,0.508,25.9,0.6,moderate,synthetic_event_calibrated_to_FSI_patterns
IND-FIRE-0119,2024-03-15,Kerala,12.33769,76.52735,SNPP-VIIRS,48.8,32.3,59.4,8.0,2.4,0.465,0.724,0.531,45.8,3.1,moderate,synthetic_event_calibrated_to_FSI_patterns
IND-FIRE-0121,2024-03-15,Maharashtra,19.08237,75.93168,SNPP-VIIRS,41.0,28.7,49.0,10.5,3.1,0.731,0.62,0.426,23.8,1.16,moderate,synthetic_event_calibrated_to_FSI_patterns
IND-FIRE-0229,2024-03-15,Mizoram,23.32732,94.1404,SNPP-VIIRS,36.1,28.6,57.4,8.0,0.7,0.528,0.78,0.403,26.5,0.95,moderate,synthetic_event_calibrated_to_FSI_patterns
IND-FIRE-0013,2024-03-16,Mizoram,23.00706,93.23268,SNPP-VIIRS,42.3,32.8,50.3,9.4,3.1,0.483,0.63,0.601,44.3,7.4,moderate,synthetic_event_calibrated_to_FSI_patterns
IND-FIRE-0100,2024-03-16,Uttarakhand,30.08478,78.2924,SNPP-VIIRS,63.2,34.0,36.9,10.0,1.3,0.41,0.584,0.757,32.2,1.08,high,synthetic_event_calibrated_to_FSI_patterns
IND-FIRE-0017,2024-03-17,Maharashtra,19.33706,75.04293,SNPP-VIIRS,50.5,31.1,34.4,9.5,0.5,0.516,0.669,0.795,56.3,3.45,high,synthetic_event_calibrated_to_FSI_patterns
IND-FIRE-0245,2024-03-17,Manipur,24.96728,92.7593,SNPP-VIIRS,76.4,32.3,32.3,12.2,1.7,0.328,0.601,0.851,45.7,1.87,high,synthetic_event_calibrated_to_FSI_patterns
IND-FIRE-0170,2024-03-17,Uttarakhand,30.5072,79.19923,SNPP-VIIRS,42.0,33.3,55.4,14.0,7.9,0.591,0.651,0.489,36.6,1.82,moderate,synthetic_event_calibrated_to_FSI_patterns
IND-FIRE-0202,2024-03-17,West Bengal,24.53475,88.09892,SNPP-VIIRS,47.1,32.5,32.4,5.8,1.9,0.594,0.634,0.899,39.7,6.94,high,synthetic_event_calibrated_to_FSI_patterns
IND-FIRE-0075,2024-03-19,Andhra Pradesh,16.89483,79.97226,SNPP-VIIRS,75.9,40.1,51.2,9.4,0.8,0.551,0.582,0.658,50.1,19.46,high,synthetic_event_calibrated_to_FSI_patterns
IND-FIRE-0088,2024-03-19,Madhya Pradesh,23.04414,80.20842,MODIS,39.8,36.1,34.2,7.6,1.0,0.534,0.563,0.804,49.0,0.92,high,synthetic_event_calibrated_to_FSI_patterns
IND-FIRE-0174,2024-03-19,Uttarakhand,30.4192,80.07711,SNPP-VIIRS,47.4,29.3,34.7,6.8,6.5,0.526,0.599,0.609,44.2,3.86,moderate,synthetic_event_calibrated_to_FSI_patterns
IND-FIRE-0293,2024-03-19,Uttarakhand,29.66302,77.70974,SNPP-VIIRS,35.0,29.9,43.6,6.8,1.0,0.628,0.574,0.472,21.3,1.37,moderate,synthetic_event_calibrated_to_FSI_patterns
IND-FIRE-0249,2024-03-20,Karnataka,15.51596,76.58373,SNPP-VIIRS,64.2,37.0,17.6,10.1,8.7,0.267,0.513,1.0,46.3,2.0,extreme,synthetic_event_calibrated_to_FSI_patterns
IND-FIRE-0090,2024-03-20,Madhya Pradesh,22.67925,77.63476,SNPP-VIIRS,36.9,29.5,33.2,4.2,0.4,0.603,0.623,0.788,34.6,2.66,moderate,synthetic_event_calibrated_to_FSI_patterns
IND-FIRE-0187,2024-03-21,Karnataka,15.36474,74.94651,SNPP-VIIRS,41.1,28.5,21.0,6.4,3.0,0.303,0.581,0.761,21.9,0.87,high,synthetic_event_calibrated_to_FSI_patterns
IND-FIRE-0114,2024-03-21,Maharashtra,19.58154,75.60153,SNPP-VIIRS,40.9,36.1,64.6,10.8,3.1,0.269,0.644,0.336,54.1,4.42,moderate,synthetic_event_calibrated_to_FSI_patterns
IND-FIRE-0005,2024-03-22,Assam,25.74836,93.0691,SNPP-VIIRS,39.7,32.8,38.3,10.0,0.6,0.485,0.66,0.822,42.5,9.77,high,synthetic_event_calibrated_to_FSI_patterns
IND-FIRE-0240,2024-03-22,Assam,27.0304,93.56651,SNPP-VIIRS,63.4,37.0,32.9,8.8,2.8,0.617,0.596,0.871,63.4,4.45,high,synthetic_event_calibrated_to_FSI_patterns
IND-FIRE-0058,2024-03-22,Maharashtra,20.82977,74.9157,SNPP-VIIRS,59.7,34.2,35.9,5.3,1.2,0.511,0.605,0.925,41.1,5.57,high,synthetic_event_calibrated_to_FSI_patterns
IND-FIRE-0086,2024-03-23,Assam,26.40688,93.6382,SNPP-VIIRS,70.1,42.2,18.2,11.6,0.7,0.505,0.51,1.0,71.3,0.72,extreme,synthetic_event_calibrated_to_FSI_patterns
IND-FIRE-0092,2024-03-23,Odisha,20.58721,86.34842,SNPP-VIIRS,61.3,35.6,34.4,7.8,1.5,0.523,0.558,0.759,33.9,6.43,high,synthetic_event_calibrated_to_FSI_patterns
IND-FIRE-0215,2024-03-23,Odisha,20.97717,84.49655,SNPP-VIIRS,35.0,25.5,44.6,11.7,0.7,0.483,0.763,0.451,35.8,2.85,moderate,synthetic_event_calibrated_to_FSI_patterns
IND-FIRE-0143,2024-03-23,Uttarakhand,29.736,80.1287,SNPP-VIIRS,58.6,30.1,48.3,10.4,2.2,0.548,0.775,0.632,39.2,6.13,moderate,synthetic_event_calibrated_to_FSI_patterns
IND-FIRE-0281,2024-03-25,Andhra Pradesh,15.39335,80.38473,SNPP-VIIRS,50.5,30.3,29.9,13.4,0.8,0.498,0.639,0.693,34.4,3.35,high,synthetic_event_calibrated_to_FSI_patterns
IND-FIRE-0171,2024-03-25,Himachal Pradesh,31.11825,76.98269,SNPP-VIIRS,46.3,29.4,44.7,12.2,4.5,0.226,0.597,0.694,32.1,9.83,high,synthetic_event_calibrated_to_FSI_patterns
IND-FIRE-0062,2024-03-25,Madhya Pradesh,22.9522,79.78767,SNPP-VIIRS,44.9,32.2,31.9,3.7,1.4,0.577,0.717,0.703,29.0,1.73,moderate,synthetic_event_calibrated_to_FSI_patterns
IND-FIRE-0148,2024-03-25,Madhya Pradesh,23.74899,78.85802,SNPP-VIIRS,50.9,33.3,27.8,6.4,5.3,0.381,0.665,0.811,44.5,6.92,high,synthetic_event_calibrated_to_FSI_patterns
IND-FIRE-0150,2024-03-26,Andhra Pradesh,15.48872,80.81729,SNPP-VIIRS,35.0,28.5,34.0,11.0,0.2,0.582,0.639,0.66,29.6,2.77,moderate,synthetic_event_calibrated_to_FSI_patterns
IND-FIRE-0071,2024-03-26,Goa,15.63076,74.00538,SNPP-VIIRS,37.7,25.9,36.9,11.9,0.4,0.408,0.676,0.763,37.4,0.75,moderate,synthetic_event_calibrated_to_FSI_patterns
IND-FIRE-0145,2024-03-27,Madhya Pradesh,23.19765,78.44855,SNPP-VIIRS,35.0,30.1,47.5,10.4,2.2,0.463,0.762,0.464,38.3,4.94,moderate,synthetic_event_calibrated_to_FSI_patterns
IND-FIRE-0300,2024-03-27,Mizoram,22.7482,92.8328,SNPP-VIIRS,37.1,28.8,53.3,10.2,1.1,0.526,0.631,0.536,35.5,2.02,moderate,synthetic_event_calibrated_to_FSI_patterns
IND-FIRE-0131,2024-03-28,Chhattisgarh,21.37191,82.51589,SNPP-VIIRS,35.0,31.0,40.0,15.6,1.3,0.616,0.734,0.664,47.1,0.64,moderate,synthetic_event_calibrated_to_FSI_patterns
IND-FIRE-0228,2024-03-28,Maharashtra,20.22133,75.86406,SNPP-VIIRS,54.1,36.0,28.7,9.5,2.1,0.42,0.629,1.0,49.4,2.69,high,synthetic_event_calibrated_to_FSI_patterns
IND-FIRE-0061,2024-03-28,Odisha,21.87767,84.75337,SNPP-VIIRS,49.8,30.1,24.8,5.2,1.9,0.431,0.633,0.882,48.6,8.91,high,synthetic_event_calibrated_to_FSI_patterns
IND-FIRE-0144,2024-03-29,Maharashtra,20.12682,75.66839,SNPP-VIIRS,73.7,34.8,37.2,7.7,1.8,0.506,0.509,0.74,41.3,0.82,high,synthetic_event_calibrated_to_FSI_patterns
IND-FIRE-0012,2024-03-29,Uttarakhand,30.65192,78.27704,MODIS,38.0,28.1,31.4,7.6,8.4,0.404,0.706,0.617,32.0,4.56,moderate,synthetic_event_calibrated_to_FSI_patterns
IND-FIRE-0235,2024-03-29,Uttarakhand,30.88105,79.09417,SNPP-VIIRS,39.7,27.0,21.7,6.0,0.4,0.535,0.722,0.859,41.5,4.53,high,synthetic_event_calibrated_to_FSI_patterns
IND-FIRE-0112,2024-03-30,Chhattisgarh,21.0604,81.94004,SNPP-VIIRS,44.7,29.2,37.3,8.4,0.2,0.547,0.52,0.693,44.9,2.28,high,synthetic_event_calibrated_to_FSI_patterns
IND-FIRE-0108,2024-03-30,Himachal Pradesh,30.93612,77.24145,SNPP-VIIRS,41.7,29.9,37.6,6.8,1.3,0.427,0.7,0.697,30.7,5.13,moderate,synthetic_event_calibrated_to_FSI_patterns
IND-FIRE-0082,2024-03-30,Karnataka,14.67739,75.81924,SNPP-VIIRS,35.0,27.2,29.7,6.1,3.6,0.425,0.66,0.714,20.5,1.23,moderate,synthetic_event_calibrated_to_FSI_patterns
IND-FIRE-0197,2024-03-30,Manipur,24.76138,94.25685,SNPP-VIIRS,55.2,31.0,33.5,10.4,0.4,0.465,0.69,0.917,31.1,2.38,high,synthetic_event_calibrated_to_FSI_patterns
IND-FIRE-0083,2024-03-30,Telangana,18.41501,78.56231,SNPP-VIIRS,35.0,32.1,33.8,10.1,1.7,0.304,0.636,0.857,45.9,8.13,high,synthetic_event_calibrated_to_FSI_patterns
IND-FIRE-0246,2024-03-30,Telangana,18.12881,79.3825,MODIS,56.9,34.9,40.4,8.8,3.0,0.352,0.733,0.68,23.6,6.74,moderate,synthetic_event_calibrated_to_FSI_patterns
IND-FIRE-0173,2024-04-01,Himachal Pradesh,30.78358,77.25083,SNPP-VIIRS,53.5,34.9,34.0,7.3,1.3,0.641,0.559,1.0,55.6,3.51,high,synthetic_event_calibrated_to_FSI_patterns
IND-FIRE-0085,2024-04-03,Andhra Pradesh,15.95613,79.29925,SNPP-VIIRS,52.5,39.0,43.6,5.8,0.9,0.551,0.591,0.745,49.9,2.87,high,synthetic_event_calibrated_to_FSI_patterns
IND-FIRE-0234,2024-04-03,Manipur,25.02991,93.91443,SNPP-VIIRS,72.1,43.5,26.2,6.8,0.0,0.468,0.433,1.0,62.4,3.06,extreme,synthetic_event_calibrated_to_FSI_patterns
IND-FIRE-0040,2024-04-03,Odisha,21.74167,85.44262,SNPP-VIIRS,57.8,34.5,46.9,7.6,0.2,0.402,0.597,0.692,36.5,6.33,high,synthetic_event_calibrated_to_FSI_patterns
IND-FIRE-0261,2024-04-04,Chhattisgarh,21.23409,81.55098,SNPP-VIIRS,71.4,41.4,19.1,15.1,3.3,0.405,0.489,1.0,62.2,0.84,extreme,synthetic_event_calibrated_to_FSI_patterns
IND-FIRE-0225,2024-04-05,Himachal Pradesh,30.08597,76.55898,SNPP-VIIRS,62.9,37.6,26.6,5.9,2.0,0.609,0.49,0.848,46.9,0.82,high,synthetic_event_calibrated_to_FSI_patterns
IND-FIRE-0288,2024-04-05,Karnataka,14.77446,75.35879,SNPP-VIIRS,74.8,37.6,18.7,6.7,0.1,0.465,0.55,0.906,44.5,3.72,high,synthetic_event_calibrated_to_FSI_patterns
IND-FIRE-0253,2024-04-06,Madhya Pradesh,23.63864,78.96722,SNPP-VIIRS,69.1,39.9,28.4,10.3,3.0,0.446,0.528,0.979,56.1,3.35,extreme,synthetic_event_calibrated_to_FSI_patterns
IND-FIRE-0091,2024-04-07,Chhattisgarh,22.3253,81.57137,SNPP-VIIRS,53.1,35.6,18.5,10.8,0.8,0.316,0.556,0.896,50.9,0.61,high,synthetic_event_calibrated_to_FSI_patterns
IND-FIRE-0021,2024-04-08,Sikkim,27.19531,89.45547,SNPP-VIIRS,49.4,37.7,35.5,4.8,2.2,0.524,0.487,0.875,36.9,5.17,high,synthetic_event_calibrated_to_FSI_patterns
IND-FIRE-0185,2024-04-09,Tamil Nadu,11.42777,79.01752,SNPP-VIIRS,52.6,35.8,33.7,6.9,2.0,0.439,0.542,1.0,36.8,1.79,high,synthetic_event_calibrated_to_FSI_patterns
IND-FIRE-0162,2024-04-09,Uttarakhand,30.54765,78.38106,SNPP-VIIRS,66.6,40.2,29.9,7.9,0.7,0.568,0.557,0.929,49.5,2.84,high,synthetic_event_calibrated_to_FSI_patterns
IND-FIRE-0193,2024-04-10,Assam,26.7556,92.05433,SNPP-VIIRS,60.0,33.7,12.0,5.9,3.2,0.423,0.528,1.0,39.9,8.32,high,synthetic_event_calibrated_to_FSI_patterns
IND-FIRE-0158,2024-04-11,Nagaland,26.51457,94.02191,SNPP-VIIRS,43.1,30.6,19.3,4.9,5.5,0.497,0.59,0.776,54.4,10.27,high,synthetic_event_calibrated_to_FSI_patterns
IND-FIRE-0046,2024-04-11,Tamil Nadu,11.33546,77.85427,SNPP-VIIRS,59.8,35.4,32.3,12.0,1.2,0.459,0.627,0.836,54.9,2.74,high,synthetic_event_calibrated_to_FSI_patterns
IND-FIRE-0269,2024-04-12,Assam,26.19398,92.73289,SNPP-VIIRS,64.3,37.1,55.7,7.9,1.0,0.521,0.662,0.582,38.8,6.48,moderate,synthetic_event_calibrated_to_FSI_patterns
IND-FIRE-0057,2024-04-12,Madhya Pradesh,22.24713,79.21245,SNPP-VIIRS,42.3,33.6,27.4,5.8,0.0,0.38,0.589,0.711,40.1,4.13,high,synthetic_event_calibrated_to_FSI_patterns
IND-FIRE-0043,2024-04-12,Odisha,20.89135,85.07535,SNPP-VIIRS,53.4,36.6,35.8,6.2,0.5,0.462,0.719,0.821,58.7,4.14,high,synthetic_event_calibrated_to_FSI_patterns
IND-FIRE-0009,2024-04-14,Bihar,24.5238,85.62165,SNPP-VIIRS,58.9,32.3,44.5,9.4,0.4,0.352,0.608,0.604,52.0,1.25,moderate,synthetic_event_calibrated_to_FSI_patterns
IND-FIRE-0203,2024-04-14,Madhya Pradesh,24.06364,78.68713,SNPP-VIIRS,57.3,41.6,38.9,5.7,4.4,0.491,0.463,0.895,54.9,2.93,high,synthetic_event_calibrated_to_FSI_patterns
IND-FIRE-0286,2024-04-16,Karnataka,14.73559,75.92505,SNPP-VIIRS,61.4,40.7,39.7,9.3,1.7,0.165,0.494,0.834,56.9,8.63,high,synthetic_event_calibrated_to_FSI_patterns
IND-FIRE-0242,2024-04-16,Tamil Nadu,10.8157,78.54184,SNPP-VIIRS,39.5,35.6,53.0,9.5,0.6,0.509,0.639,0.593,35.4,2.66,moderate,synthetic_event_calibrated_to_FSI_patterns
IND-FIRE-0019,2024-04-16,Telangana,17.6518,79.17234,SNPP-VIIRS,39.7,29.9,44.4,12.5,1.0,0.189,0.621,0.565,42.5,14.38,moderate,synthetic_event_calibrated_to_FSI_patterns
IND-FIRE-0147,2024-04-17,Jharkhand,24.42058,85.39879,SNPP-VIIRS,41.9,36.3,31.5,13.7,5.3,0.366,0.594,0.872,56.6,20.28,high,synthetic_event_calibrated_to_FSI_patterns
IND-FIRE-0106,2024-04-17,Odisha,20.25066,85.16014,SNPP-VIIRS,57.3,38.0,38.3,4.8,0.8,0.639,0.494,0.975,40.1,1.89,high,synthetic_event_calibrated_to_FSI_patterns
IND-FIRE-0275,2024-04-17,Odisha,21.20601,85.61297,SNPP-VIIRS,65.4,35.1,12.0,13.2,1.5,0.609,0.492,1.0,67.3,13.66,extreme,synthetic_event_calibrated_to_FSI_patterns
IND-FIRE-0168,2024-04-17,Tamil Nadu,10.46138,79.29315,SNPP-VIIRS,67.6,39.0,31.0,11.0,2.2,0.46,0.523,0.827,53.0,2.17,high,synthetic_event_calibrated_to_FSI_patterns
IND-FIRE-0034,2024-04-18,Karnataka,14.69061,75.40109,SNPP-VIIRS,52.4,30.6,27.8,9.5,1.0,0.465,0.602,0.743,35.2,3.57,high,synthetic_event_calibrated_to_FSI_patterns
IND-FIRE-0055,2024-04-18,Odisha,21.51831,85.21814,SNPP-VIIRS,63.1,35.1,30.1,9.5,5.5,0.31,0.559,0.825,50.4,2.61,high,synthetic_event_calibrated_to_FSI_patterns
IND-FIRE-0157,2024-04-19,Himachal Pradesh,30.60716,77.06319,SNPP-VIIRS,36.5,34.5,31.7,9.8,1.5,0.391,0.609,0.954,49.7,2.23,high,synthetic_event_calibrated_to_FSI_patterns
IND-FIRE-0096,2024-04-19,Mizoram,23.54277,93.72597,SNPP-VIIRS,58.6,30.5,48.1,12.2,1.8,0.521,0.629,0.7,40.5,0.51,high,synthetic_event_calibrated_to_FSI_patterns
IND-FIRE-0241,2024-04-19,Telangana,18.43539,79.40602,SNPP-VIIRS,51.8,35.7,34.6,5.5,0.1,0.334,0.552,0.885,46.5,1.34,high,synthetic_event_calibrated_to_FSI_patterns
IND-FIRE-0016,2024-04-20,Gujarat,21.33114,70.65535,SNPP-VIIRS,51.8,35.9,46.6,8.6,0.4,0.545,0.531,0.743,54.6,0.6,high,synthetic_event_calibrated_to_FSI_patterns
IND-FIRE-0107,2024-04-20,Madhya Pradesh,23.47283,77.87515,MODIS,35.0,33.7,13.0,7.0,0.4,0.68,0.554,1.0,40.1,3.69,high,synthetic_event_calibrated_to_FSI_patterns
IND-FIRE-0132,2024-04-21,Uttarakhand,29.96308,79.54693,SNPP-VIIRS,51.7,29.6,33.6,8.6,0.7,0.777,0.712,0.824,49.2,2.98,high,synthetic_event_calibrated_to_FSI_patterns
IND-FIRE-0179,2024-04-22,Tripura,25.08299,91.43874,SNPP-VIIRS,42.8,33.5,26.3,7.3,0.9,0.52,0.742,0.893,43.3,3.93,high,synthetic_event_calibrated_to_FSI_patterns
IND-FIRE-0126,2024-04-23,Madhya Pradesh,22.40328,78.60196,MODIS,36.2,31.8,28.0,12.7,0.5,0.574,0.647,0.768,37.6,2.93,high,synthetic_event_calibrated_to_FSI_patterns
IND-FIRE-0001,2024-04-23,Tamil Nadu,11.09337,77.97252,SNPP-VIIRS,78.1,34.1,32.5,13.8,1.6,0.463,0.5,0.84,36.9,5.79,high,synthetic_event_calibrated_to_FSI_patterns
IND-FIRE-0259,2024-04-24,Arunachal Pradesh,28.23883,94.75604,SNPP-VIIRS,78.1,34.3,26.6,12.7,0.5,0.501,0.583,0.917,52.6,0.6,high,synthetic_event_calibrated_to_FSI_patterns
IND-FIRE-0277,2024-04-24,Jharkhand,22.67155,84.98193,SNPP-VIIRS,46.8,31.9,12.0,7.6,2.7,0.54,0.582,1.0,46.9,4.91,high,synthetic_event_calibrated_to_FSI_patterns
IND-FIRE-0081,2024-04-24,Nagaland,25.76001,94.18428,SNPP-VIIRS,59.2,40.3,28.4,12.8,1.7,0.636,0.505,0.789,61.1,5.16,high,synthetic_event_calibrated_to_FSI_patterns
IND-FIRE-0227,2024-04-25,Andhra Pradesh,15.74522,79.39755,SNPP-VIIRS,60.0,34.8,27.8,7.2,1.0,0.598,0.425,0.798,42.8,4.37,high,synthetic_event_calibrated_to_FSI_patterns
IND-FIRE-0120,2024-04-25,Mizoram,22.7193,93.37797,SNPP-VIIRS,41.9,32.6,21.6,11.9,0.9,0.494,0.634,0.832,46.9,5.28,high,synthetic_event_calibrated_to_FSI_patterns
IND-FIRE-0155,2024-04-26,Assam,26.72549,93.25953,SNPP-VIIRS,46.4,32.6,16.1,9.6,0.1,0.629,0.458,0.86,43.0,2.46,high,synthetic_event_calibrated_to_FSI_patterns
IND-FIRE-0272,2024-04-27,Chhattisgarh,21.97843,81.37945,SNPP-VIIRS,35.0,29.8,41.9,4.8,2.8,0.65,0.732,0.507,33.5,2.39,moderate,synthetic_event_calibrated_to_FSI_patterns
IND-FIRE-0206,2024-04-27,Gujarat,22.6618,71.36499,SNPP-VIIRS,51.3,30.4,37.1,2.4,1.0,0.502,0.633,0.779,42.8,6.22,moderate,synthetic_event_calibrated_to_FSI_patterns
IND-FIRE-0216,2024-04-27,Rajasthan,27.93943,74.15919,SNPP-VIIRS,77.3,37.2,38.3,13.4,0.6,0.483,0.507,0.775,54.2,1.31,high,synthetic_event_calibrated_to_FSI_patterns
IND-FIRE-0069,2024-04-28,Andhra Pradesh,16.12022,79.00746,SNPP-VIIRS,68.3,37.5,50.1,11.3,0.8,0.459,0.601,0.625,34.3,5.62,high,synthetic_event_calibrated_to_FSI_patterns
IND-FIRE-0282,2024-04-28,Chhattisgarh,21.76583,82.71391,SNPP-VIIRS,50.2,33.4,32.5,9.0,0.4,0.428,0.555,0.643,44.9,1.96,high,synthetic_event_calibrated_to_FSI_patterns
IND-FIRE-0022,2024-04-28,Jharkhand,22.54494,85.07809,SNPP-VIIRS,35.0,35.1,33.7,7.7,2.1,0.419,0.68,0.703,55.6,24.72,moderate,synthetic_event_calibrated_to_FSI_patterns
IND-FIRE-0003,2024-04-28,Telangana,18.13043,78.22854,SNPP-VIIRS,83.7,39.1,38.5,15.6,2.6,0.423,0.495,0.765,62.0,2.29,high,synthetic_event_calibrated_to_FSI_patterns
IND-FIRE-0295,2024-04-28,Telangana,17.61771,78.80311,SNPP-VIIRS,58.3,34.2,43.1,5.0,0.6,0.408,0.539,0.749,43.8,1.7,high,synthetic_event_calibrated_to_FSI_patterns
IND-FIRE-0180,2024-04-29,Rajasthan,26.73647,73.91187,SNPP-VIIRS,73.9,35.7,15.3,11.9,4.0,0.499,0.435,0.898,47.2,1.47,extreme,synthetic_event_calibrated_to_FSI_patterns
IND-FIRE-0207,2024-04-30,Bihar,25.44581,84.53929,MODIS,43.3,30.8,21.4,8.0,1.7,0.496,0.673,0.987,46.4,2.79,high,synthetic_event_calibrated_to_FSI_patterns
IND-FIRE-0254,2024-04-30,Gujarat,22.64626,70.56775,SNPP-VIIRS,70.3,33.6,47.2,10.9,13.3,0.431,0.698,0.568,35.7,5.89,moderate,synthetic_event_calibrated_to_FSI_patterns
IND-FIRE-0195,2024-05-01,Chhattisgarh,21.18975,81.4306,SNPP-VIIRS,70.7,44.8,47.2,12.4,8.5,0.446,0.501,0.833,65.0,8.97,high,synthetic_event_calibrated_to_FSI_patterns
IND-FIRE-0124,2024-05-02,Karnataka,14.50024,75.77414,MODIS,48.9,35.5,48.1,8.3,9.2,0.569,0.753,0.498,40.3,2.92,moderate,synthetic_event_calibrated_to_FSI_patterns
IND-FIRE-0010,2024-05-02,Madhya Pradesh,22.16113,79.35059,SNPP-VIIRS,40.5,27.6,51.3,6.6,2.3,0.415,0.767,0.44,28.6,7.42,moderate,synthetic_event_calibrated_to_FSI_patterns
IND-FIRE-0073,2024-05-04,Telangana,18.61903,79.44483,SNPP-VIIRS,61.1,31.0,64.3,11.9,10.6,0.408,0.739,0.337,35.2,1.5,moderate,synthetic_event_calibrated_to_FSI_patterns
IND-FIRE-0222,2024-05-05,Madhya Pradesh,23.01245,78.36687,MODIS,47.9,37.3,51.1,9.5,14.5,0.543,0.66,0.562,50.7,29.49,moderate,synthetic_event_calibrated_to_FSI_patterns
IND-FIRE-0237,2024-05-06,Madhya Pradesh,22.11336,78.79951,SNPP-VIIRS,42.4,31.8,33.7,12.9,14.0,0.434,0.641,0.571,31.8,1.8,moderate,synthetic_event_calibrated_to_FSI_patterns
IND-FIRE-0060,2024-05-07,Assam,26.60139,92.56278,SNPP-VIIRS,36.5,24.7,28.2,2.5,0.0,0.632,0.7,0.831,31.1,1.44,moderate,synthetic_event_calibrated_to_FSI_patterns
IND-FIRE-0217,2024-05-07,Bihar,26.14959,84.72359,SNPP-VIIRS,46.3,28.8,56.2,7.4,14.3,0.643,0.775,0.411,32.8,3.76,moderate,synthetic_event_calibrated_to_FSI_patterns
IND-FIRE-0163,2024-05-07,Gujarat,22.67278,71.74046,SNPP-VIIRS,66.4,40.0,22.8,11.1,0.6,0.464,0.479,0.985,54.0,1.2,extreme,synthetic_event_calibrated_to_FSI_patterns
IND-FIRE-0258,2024-05-09,Assam,26.4487,92.76768,MODIS,37.5,32.4,37.9,14.2,1.8,0.487,0.668,0.666,36.9,7.92,moderate,synthetic_event_calibrated_to_FSI_patterns
IND-FIRE-0196,2024-05-09,Chhattisgarh,21.25963,80.64048,SNPP-VIIRS,57.4,36.7,25.9,8.8,5.2,0.581,0.577,0.963,45.4,2.72,high,synthetic_event_calibrated_to_FSI_patterns
IND-FIRE-0175,2024-05-10,Chhattisgarh,20.19317,82.55531,SNPP-VIIRS,62.2,32.3,34.3,5.5,26.8,0.457,0.745,0.62,22.6,2.09,moderate,synthetic_event_calibrated_to_FSI_patterns
IND-FIRE-0102,2024-05-10,Odisha,21.9466,86.02496,SNPP-VIIRS,44.2,34.6,39.9,11.5,2.8,0.597,0.591,0.655,35.9,0.76,high,synthetic_event_calibrated_to_FSI_patterns
IND-FIRE-0072,2024-05-12,Karnataka,16.54365,74.69475,MODIS,46.2,29.1,53.8,7.6,3.5,0.382,0.775,0.471,29.4,4.08,moderate,synthetic_event_calibrated_to_FSI_patterns
IND-FIRE-0298,2024-05-14,Tamil Nadu,11.3234,77.9495,SNPP-VIIRS,35.0,26.7,42.7,8.3,5.2,0.624,0.778,0.426,25.0,1.47,moderate,synthetic_event_calibrated_to_FSI_patterns
IND-FIRE-0117,2024-05-15,Sikkim,27.80599,89.1045,SNPP-VIIRS,47.2,39.4,44.6,5.0,1.8,0.472,0.548,0.896,43.9,3.82,high,synthetic_event_calibrated_to_FSI_patterns
IND-FIRE-0252,2024-05-15,Telangana,17.6674,77.72634,SNPP-VIIRS,47.7,31.5,63.2,12.0,9.4,0.33,0.818,0.244,19.7,0.53,low,synthetic_event_calibrated_to_FSI_patterns
IND-FIRE-0097,2024-05-16,Karnataka,15.29546,76.0015,SNPP-VIIRS,48.8,35.1,52.2,4.5,4.3,0.41,0.546,0.534,35.6,1.96,moderate,synthetic_event_calibrated_to_FSI_patterns
IND-FIRE-0045,2024-05-16,Telangana,18.05205,79.24857,MODIS,62.6,34.8,49.4,10.6,8.0,0.463,0.639,0.518,53.4,13.75,moderate,synthetic_event_calibrated_to_FSI_patterns
IND-FIRE-0039,2024-05-18,Gujarat,21.4141,71.4457,SNPP-VIIRS,61.7,35.0,54.4,8.2,1.5,0.459,0.663,0.53,34.5,1.55,moderate,synthetic_event_calibrated_to_FSI_patterns
IND-FIRE-0190,2024-05-20,Himachal Pradesh,31.60484,76.42486,SNPP-VIIRS,45.6,30.8,41.4,10.7,0.5,0.651,0.606,0.737,44.0,7.44,high,synthetic_event_calibrated_to_FSI_patterns
IND-FIRE-0263,2024-05-20,Jharkhand,24.58453,85.84908,SNPP-VIIRS,60.7,35.2,38.3,7.7,0.0,0.505,0.597,0.756,31.4,1.83,high,synthetic_event_calibrated_to_FSI_patterns
IND-FIRE-0172,2024-05-20,Madhya Pradesh,23.03599,78.77674,SNPP-VIIRS,35.0,34.8,58.0,10.7,8.7,0.363,0.73,0.428,23.0,1.2,moderate,synthetic_event_calibrated_to_FSI_patterns
IND-FIRE-0020,2024-05-20,Mizoram,23.86545,92.52967,MODIS,52.7,29.7,44.5,14.2,0.3,0.458,0.661,0.676,25.8,3.92,moderate,synthetic_event_calibrated_to_FSI_patterns
IND-FIRE-0080,2024-05-23,Tamil Nadu,10.59941,79.14389,SNPP-VIIRS,55.4,33.3,37.8,12.5,12.6,0.287,0.684,0.697,52.2,1.48,high,synthetic_event_calibrated_to_FSI_patterns
IND-FIRE-0283,2024-05-29,Gujarat,22.3142,70.7873,MODIS,53.5,31.2,16.4,7.6,7.5,0.528,0.68,0.94,33.6,1.28,high,synthetic_event_calibrated_to_FSI_patterns
IND-FIRE-0210,2024-05-29,Madhya Pradesh,22.55492,79.02639,SNPP-VIIRS,58.1,37.3,38.7,12.4,1.5,0.515,0.577,0.831,47.4,11.27,high,synthetic_event_calibrated_to_FSI_patterns
IND-FIRE-0099,2024-06-04,Assam,26.23218,92.21134,MODIS,60.4,30.1,36.9,11.1,30.9,0.412,0.751,0.533,28.2,2.31,moderate,synthetic_event_calibrated_to_FSI_patterns
IND-FIRE-0264,2024-06-06,Chhattisgarh,20.38275,82.90417,SNPP-VIIRS,40.8,25.7,56.7,6.7,1.5,0.521,0.807,0.297,17.4,1.92,low,synthetic_event_calibrated_to_FSI_patterns
IND-FIRE-0105,2024-06-06,Tamil Nadu,10.47128,78.27788,SNPP-VIIRS,67.9,32.9,28.8,12.8,4.9,0.468,0.526,0.694,28.5,6.41,high,synthetic_event_calibrated_to_FSI_patterns
IND-FIRE-0134,2024-06-08,Jharkhand,23.41512,83.69439,SNPP-VIIRS,38.2,29.8,62.8,16.3,37.2,0.421,0.749,0.159,30.8,2.59,low,synthetic_event_calibrated_to_FSI_patterns
IND-FIRE-0056,2024-06-08,Tamil Nadu,10.58526,78.09735,MODIS,41.9,32.0,52.4,11.1,11.7,0.647,0.559,0.307,31.1,2.34,moderate,synthetic_event_calibrated_to_FSI_patterns
IND-FIRE-0051,2024-06-09,Chhattisgarh,20.42971,82.29071,SNPP-VIIRS,53.4,31.8,71.2,17.4,5.1,0.514,0.746,0.316,40.5,2.32,moderate,synthetic_event_calibrated_to_FSI_patterns
IND-FIRE-0044,2024-06-15,Jharkhand,22.83094,85.56838,SNPP-VIIRS,35.8,30.1,50.6,11.5,10.8,0.449,0.735,0.506,26.8,6.17,moderate,synthetic_event_calibrated_to_FSI_patterns
IND-FIRE-0251,2024-06-15,Nagaland,26.36978,94.82209,SNPP-VIIRS,41.9,28.4,47.3,7.0,15.7,0.29,0.693,0.534,17.6,13.98,moderate,synthetic_event_calibrated_to_FSI_patterns
IND-FIRE-0268,2024-06-22,Chhattisgarh,20.85595,81.70562,SNPP-VIIRS,42.5,26.1,48.4,9.2,0.1,0.388,0.753,0.377,24.8,7.51,moderate,synthetic_event_calibrated_to_FSI_patterns
IND-FIRE-0026,2024-06-28,Chhattisgarh,20.84837,80.35787,SNPP-VIIRS,38.4,29.2,53.6,7.2,22.0,0.444,0.733,0.333,34.3,0.54,low,synthetic_event_calibrated_to_FSI_patterns
IND-FIRE-0133,2024-06-30,Maharashtra,20.61573,76.7344,SNPP-VIIRS,35.0,28.6,73.0,10.8,19.5,0.446,0.832,0.0,24.3,3.33,low,synthetic_event_calibrated_to_FSI_patterns
IND-FIRE-0184,2024-11-01,Jharkhand,23.81498,85.82305,SNPP-VIIRS,59.1,25.8,49.7,4.7,23.9,0.514,0.9,0.253,16.2,2.84,low,synthetic_event_calibrated_to_FSI_patterns
IND-FIRE-0200,2024-11-11,Jharkhand,23.0343,85.65936,SNPP-VIIRS,35.0,29.1,73.8,6.6,7.2,0.458,0.767,0.023,12.0,0.6,low,synthetic_event_calibrated_to_FSI_patterns
IND-FIRE-0130,2024-11-13,Manipur,25.41653,93.94266,SNPP-VIIRS,39.8,26.3,46.1,0.5,4.7,0.451,0.861,0.48,21.1,4.65,low,synthetic_event_calibrated_to_FSI_patterns
IND-FIRE-0028,2024-11-14,Andhra Pradesh,16.06832,80.23876,SNPP-VIIRS,35.0,27.3,42.8,3.6,15.1,0.398,0.733,0.565,12.9,1.12,moderate,synthetic_event_calibrated_to_FSI_patterns
IND-FIRE-0030,2024-11-14,Odisha,21.42196,85.51426,MODIS,66.2,31.3,73.0,10.5,5.1,0.511,0.748,0.141,43.6,7.63,low,synthetic_event_calibrated_to_FSI_patterns
IND-FIRE-0064,2024-11-22,Sikkim,28.63493,89.04793,SNPP-VIIRS,40.3,25.9,71.2,9.2,6.1,0.283,0.706,0.238,24.0,0.96,low,synthetic_event_calibrated_to_FSI_patterns
IND-FIRE-0260,2024-11-23,Manipur,25.23849,94.21311,SNPP-VIIRS,35.0,27.9,54.5,10.3,4.1,0.802,0.707,0.422,30.1,1.39,moderate,synthetic_event_calibrated_to_FSI_patterns
IND-FIRE-0221,2024-11-25,Jharkhand,23.76467,85.30993,SNPP-VIIRS,35.0,30.1,53.6,7.9,12.4,0.445,0.738,0.317,34.6,4.12,low,synthetic_event_calibrated_to_FSI_patterns
IND-FIRE-0101,2024-11-30,Uttar Pradesh,27.62358,81.61186,SNPP-VIIRS,38.7,25.8,57.3,7.2,14.9,0.431,0.79,0.357,10.9,3.54,low,synthetic_event_calibrated_to_FSI_patterns
IND-FIRE-0093,2024-12-01,Kerala,10.39964,76.34348,SNPP-VIIRS,35.0,21.7,46.7,7.7,5.4,0.497,0.79,0.239,21.6,0.9,low,synthetic_event_calibrated_to_FSI_patterns
IND-FIRE-0135,2024-12-02,Manipur,23.58523,94.36518,MODIS,35.0,25.1,51.1,7.2,11.0,0.448,0.824,0.286,25.2,6.13,low,synthetic_event_calibrated_to_FSI_patterns
IND-FIRE-0220,2024-12-03,Karnataka,14.88764,76.05343,SNPP-VIIRS,35.0,24.7,32.6,4.0,16.2,0.37,0.731,0.414,18.2,1.23,moderate,synthetic_event_calibrated_to_FSI_patterns
IND-FIRE-0274,2024-12-07,Manipur,24.81348,92.70198,SNPP-VIIRS,44.9,30.0,61.1,9.6,23.0,0.499,0.795,0.127,17.6,4.01,low,synthetic_event_calibrated_to_FSI_patterns
IND-FIRE-0033,2024-12-14,Jharkhand,24.31823,85.99489,SNPP-VIIRS,35.0,26.8,55.9,2.9,4.5,0.566,0.83,0.375,11.4,2.82,low,synthetic_event_calibrated_to_FSI_patterns
IND-FIRE-0029,2024-12-15,Chhattisgarh,20.71736,80.65721,SNPP-VIIRS,35.0,26.6,52.6,9.9,4.2,0.506,0.807,0.49,10.1,4.53,moderate,synthetic_event_calibrated_to_FSI_patterns
IND-FIRE-0247,2024-12-17,Manipur,24.61517,94.56284,SNPP-VIIRS,45.9,26.9,43.9,6.5,14.4,0.429,0.701,0.374,15.4,3.02,moderate,synthetic_event_calibrated_to_FSI_patterns
IND-FIRE-0223,2024-12-17,Nagaland,26.00328,94.15172,SNPP-VIIRS,35.0,22.6,47.3,2.9,2.0,0.563,0.9,0.384,21.2,1.45,low,synthetic_event_calibrated_to_FSI_patterns
IND-FIRE-0297,2024-12-20,West Bengal,23.67714,88.05531,SNPP-VIIRS,35.0,23.8,54.3,12.6,4.3,0.556,0.711,0.228,14.8,2.14,low,synthetic_event_calibrated_to_FSI_patterns
IND-FIRE-0250,2024-12-24,Kerala,11.18438,76.31898,MODIS,35.0,26.6,38.7,4.3,8.8,0.477,0.743,0.426,21.1,3.65,moderate,synthetic_event_calibrated_to_FSI_patterns
IND-FIRE-0054,2024-12-24,Nagaland,26.91834,94.45519,MODIS,35.0,25.0,44.5,7.3,4.2,0.677,0.749,0.454,15.6,1.9,moderate,synthetic_event_calibrated_to_FSI_patterns
IND-FIRE-0152,2024-12-25,Uttar Pradesh,28.16267,80.2589,SNPP-VIIRS,35.0,24.3,58.6,6.1,9.2,0.403,0.756,0.4,32.7,1.97,low,synthetic_event_calibrated_to_FSI_patterns
IND-FIRE-0256,2024-12-26,Rajasthan,26.65467,73.90746,SNPP-VIIRS,35.0,24.1,47.7,9.3,12.8,0.612,0.879,0.318,29.6,1.96,low,synthetic_event_calibrated_to_FSI_patterns
IND-FIRE-0199,2024-12-27,Chhattisgarh,20.74794,81.68534,MODIS,39.2,25.1,49.2,8.9,5.9,0.336,0.682,0.352,17.7,3.82,moderate,synthetic_event_calibrated_to_FSI_patterns
IND-FIRE-0027,2024-12-30,Madhya Pradesh,23.35932,77.9841,SNPP-VIIRS,39.7,24.3,63.1,7.2,1.3,0.585,0.756,0.174,14.8,3.72,low,synthetic_event_calibrated_to_FSI_patterns
IND-FIRE-0182,2024-12-30,Uttar Pradesh,27.00471,81.43293,SNPP-VIIRS,43.5,27.7,62.5,8.2,5.5,0.513,0.7,0.22,33.2,9.76,low,synthetic_event_calibrated_to_FSI_patterns
