station_id,timestamp,latitude,longitude,zone,elevation_m,surface_temp_c,relative_humidity_pct,river_water_level_m,river_danger_level_m,river_discharge_cumecs,aqi,pm2_5_ugm3,pm10_ugm3,seismic_mmi,rainfall_24h_mm,soil_moisture_pct,pressure_hpa,wind_speed_kmh,wind_gust_kmh,water_wqi,dissolved_oxygen_mg_l,bod_mg_l,so2_ugm3,nox_ugm3,dart_wave_m,moraine_pressure_mpa,slope_gradient_deg,pore_water_pressure_kpa,sediment_discharge_ppm,soil_erosion_index,transboundary_origin
NODE-SILCHA-4696,2026-09-10T12:00:00Z,24.8273,92.7979,"BARAK VALLEY, ASSAM",22,26.4,94.0,20.35,19.83,3540.0,88,48.0,92.0,1.4,92.0,98.5,1009.5,14.0,21.0,58,5.1,4.2,26.0,38.0,0.0,null,0,0,0,0,""
NODE-SILCHA-4696,2026-09-10T07:40:49.609Z,24.8273,92.7979,"BARAK VALLEY, ASSAM",22,26.2,95.5,20.42,19.83,3680,78,42,84,1.4,104,99,1008.2,16,24,54,4.8,4.6,22,34,0,
NODE-DELHI-CPCB-01,2026-09-10T07:40:51.761Z,28.6139,77.209,NATIONAL CAPITAL REGION,216,32.8,58,204.1,205.33,1180,412,285,440,1.2,0,28,1007.4,6,9,32,1.8,18.2,92,135,0,
NODE-SILCHA-4696,2026-09-10T07:43:28.152Z,24.8273,92.7979,"BARAK VALLEY, ASSAM",22,26.2,95.5,20.42,19.83,3680,78,42,84,1.4,104,99,1008.2,16,24,54,4.8,4.6,22,34,0,
NODE-SILCHA-4696,2026-09-10T07:44:19.860Z,24.8273,92.7979,"BARAK VALLEY, ASSAM",22,26.2,95.5,20.42,19.83,3680,78,42,84,1.4,104,99,1008.2,16,24,54,4.8,4.6,22,34,0,
NODE-SILCHA-4696,2026-09-10T07:44:44.377Z,24.8273,92.7979,"BARAK VALLEY, ASSAM",22,26.2,95.5,20.42,19.83,3680,78,42,84,1.4,104,99,1008.2,16,24,54,4.8,4.6,22,34,0,
NODE-DELHI-CPCB-01,2026-09-10T07:44:47.185Z,28.6139,77.209,NATIONAL CAPITAL REGION,216,32.8,58,204.1,205.33,1180,412,285,440,1.2,0,28,1007.4,6,9,32,1.8,18.2,92,135,0,
NODE-SILCHA-4696,2026-09-10T08:16:57.155Z,24.8273,92.7979,"BARAK VALLEY, ASSAM",22,26.2,95.5,20.42,19.83,3680,78,42,84,1.4,104,99,1008.2,16,24,54,4.8,4.6,22,34,0,,,,,,
NODE-NEPAL-KOSHI-01,2026-09-10T08:18:15.618Z,26.85,87.05,TRANSBOUNDARY NEPAL-BIHAR FOOTHILLS (KOSHI GORGE),420,24.5,96.5,72.4,70.5,14800,42,16.5,32,2.1,185,96.5,965,24,38,38,4.2,6.8,18,26,0,,44.5,88.5,28400,8.9,Nepal Mahabharat Catchment / Saptakoshi Gorge
NODE-NEPAL-KOSHI-01,2026-09-10T08:19:27.314Z,26.85,87.05,TRANSBOUNDARY NEPAL-BIHAR FOOTHILLS (KOSHI GORGE),420,24.5,96.5,72.4,70.5,14800,42,16.5,32,2.1,185,96.5,965,24,38,38,4.2,6.8,18,26,0,,44.5,88.5,28400,8.9,Nepal Mahabharat Catchment / Saptakoshi Gorge
NODE-NEPAL-KOSHI-01,2026-09-10T08:19:50.590Z,26.85,87.05,TRANSBOUNDARY NEPAL-BIHAR FOOTHILLS (KOSHI GORGE),420,24.5,96.5,72.4,70.5,14800,42,16.5,32,2.1,185,96.5,965,24,38,38,4.2,6.8,18,26,0,,44.5,88.5,28400,8.9,Nepal Mahabharat Catchment / Saptakoshi Gorge
NODE-NEPAL-KOSHI-01,2026-09-10T08:21:10.503Z,26.85,87.05,TRANSBOUNDARY NEPAL-BIHAR FOOTHILLS (KOSHI GORGE),420,24.5,96.5,72.4,70.5,14800,42,16.5,32,2.1,185,96.5,965,24,38,38,4.2,6.8,18,26,0,,44.5,88.5,28400,8.9,Nepal Mahabharat Catchment / Saptakoshi Gorge
NODE-NEPAL-KOSHI-01,2026-09-10T08:23:29.894Z,26.85,87.05,TRANSBOUNDARY NEPAL-BIHAR FOOTHILLS (KOSHI GORGE),420,24.5,96.5,72.4,70.5,14800,42,16.5,32,2.1,185,96.5,965,24,38,38,4.2,6.8,18,26,0,,44.5,88.5,28400,8.9,Nepal Mahabharat Catchment / Saptakoshi Gorge
